name,gender
Lilian,androgynous
Lecia,androgynous
Kasha,androgynous
Susana,androgynous
Margaret,androgynous
Kena,androgynous
Huong,androgynous
Miesha,androgynous
Nakisha,androgynous
Ketura,androgynous
Mimi,androgynous
Tasha,androgynous
Jenice,androgynous
Wasim,androgynous
Elario,androgynous
Kanashiro,androgynous
Anuj,androgynous
Sharif,androgynous
Ju,androgynous
Luka,androgynous
Andreas,androgynous
Dursun,androgynous
March,androgynous
Amana,androgynous
Hadyn,androgynous
Clarita,androgynous
Kyoko,androgynous
Li,androgynous
Milja,androgynous
Jean Marie,androgynous
Inge,androgynous
Hwa,androgynous
Kiara,androgynous
Annetta,androgynous
Nona,androgynous
Adriana,androgynous
Cecil,androgynous
Phoebe,androgynous
Lammert,androgynous
Maximilian,androgynous
Toda,androgynous
Xia,androgynous
Nikita,androgynous
Kang,androgynous
Arita,androgynous
Jimoh,androgynous
Huw,androgynous
Emre,androgynous
Llewelyn,androgynous
Ismael,androgynous
Dorris,androgynous
Clemencia,androgynous
Rashida,androgynous
Tawanda,androgynous
Myrtis,androgynous
Oretha,androgynous
Jesse,androgynous
Nita,androgynous
Phylis,androgynous
Suanne,androgynous
Pamela,androgynous
Mayra,androgynous
Rohi,androgynous
Vishal,androgynous
Bok,androgynous
Goran,androgynous
Artem,androgynous
Won,androgynous
Dabir,androgynous
Elvan,androgynous
Marko,androgynous
Kenyada,androgynous
Deng,androgynous
Alim,androgynous
Jazmine,androgynous
Lorri,androgynous
Delila,androgynous
Allene,androgynous
Nerissa,androgynous
Lisha,androgynous
Cristy,androgynous
Ayana,androgynous
Chrystal,androgynous
Verla,androgynous
Neoma,androgynous
Felicia,androgynous
Nasra,androgynous
Paolo,androgynous
Poldie,androgynous
Shakti,androgynous
Lalit,androgynous
Lei,androgynous
Viktor,androgynous
Tristan,androgynous
Reth,androgynous
Faisal,androgynous
Simba,androgynous
Zhao,androgynous
Ramadhani,androgynous

# --- 100 MALE NAMES ---
Aaron,male
Adrian,male
Alonzo,male
Amir,male
Anthony,male
Arjun,male
Arthur,male
Barrett,male
Basil,male
Benjamin,male
Bram,male
Caius,male
Caleb,male
Carlos,male
Caspian,male
Cedric,male
Charles,male
Cyrus,male
Damien,male
Darius,male
David,male
Diego,male
Dimitri,male
Dominic,male
Eamon,male
Elias,male
Emmanuel,male
Enzo,male
Ezra,male
Felix,male
Francis,male
Gavin,male
Gideon,male
Giorgio,male
Hamza,male
Hector,male
Hugo,male
Ibrahim,male
Ignacio,male
Isaac,male
Ivan,male
Jamal,male
Jarek,male
Jasper,male
Jonas,male
Joseph,male
Julian,male
Kamal,male
Karim,male
Kato,male
Kenji,male
Khalid,male
Landon,male
Laurent,male
Leo,male
Lorenzo,male
Lucas,male
Malik,male
Marco,male
Mateo,male
Matthias,male
Miguel,male
Milo,male
Mohammed,male
Nadir,male
Nikolai,male
Noah,male
Omar,male
Orion,male
Oscar,male
Pascal,male
Paulo,male
Quentin,male
Rafi,male
Rami,male
Raphael,male
Rashid,male
Renato,male
Roman,male
Samuel,male
Sanjay,male
Soren,male
Stefan,male
Tahir,male
Tariq,male
Theo,male
Thomas,male
Tobias,male
Umar,male
Victor,male
Vincent,male
Yahir,male
Yosef,male
Yukio,male
Zaid,male
Zane,male
Zev,male
Zubair,male

# --- 100 FEMALE NAMES ---
Aaliyah,female
Abena,female
Ada,female
Adelaide,female
Aisha,female
Alejandra,female
Alina,female
Amina,female
Anika,female
Aria,female
Aurelia,female
Beatrice,female
Bella,female
Brielle,female
Camila,female
Carina,female
Celine,female
Chiara,female
Dahlia,female
Daria,female
Delphine,female
Diana,female
Elara,female
Elena,female
Elise,female
Emilia,female
Eshe,female
Fatima,female
Felicia,female
Fiona,female
Francesca,female
Gemma,female
Gloria,female
Grace,female
Hana,female
Helena,female
Ida,female
Imani,female
Inaya,female
Irene,female
Isla,female
Ivanna,female
Jamila,female
Jasmine,female
Joelle,female
Julia,female
Kaia,female
Kalindi,female
Kamila,female
Karina,female
Katrin,female
Keira,female
Leila,female
Lina,female
Lucia,female
Maeve,female
Mara,female
Marisol,female
Maya,female
Melina,female
Mina,female
Mira,female
Naomi,female
Nara,female
Natalia,female
Nina,female
Nora,female
Odette,female
Olivia,female
Paloma,female
Paola,female
Priya,female
Raina,female
Rina,female
Rosa,female
Rosalie,female
Sabine,female
Sakura,female
Samira,female
Sana,female
Selene,female
Sofia,female
Soraya,female
Stella,female
Talia,female
Tamara,female
Thalia,female
Uma,female
Valeria,female
Vera,female
Vesper,female
Willa,female
Xena,female
Yara,female
Yesenia,female
Yuna,female
Zara,female
Ziva,female
Zuri,female
